,precision,recall,f1-score,support
positive,0.9683544303797469,0.796875,0.8742857142857143,192.0
neutral,0.0,0.0,0.0,35.0
negative,0.1111111111111111,1.0,0.2,7.0
accuracy,0.6837606837606838,0.6837606837606838,0.6837606837606838,0.6837606837606838
macro avg,0.35982184716361937,0.5989583333333334,0.3580952380952381,234.0
weighted avg,0.7978710615841418,0.6837606837606838,0.7233455433455434,234.0
